CGPA,GRE_Score,TOEFL_Score,Research_Experience,Field_of_Study,Family_Income_LPA,Budget_LPA,Scholarship,Country,Study_Destination,index,Indian_Students_Abroad,Country_Indian_Student_Percentage
7.46,282,100,0,ME,11.04,4.63,0,India,India,521,25,0.292333456243866
7.2,292,89,1,EE,8.93,4.59,1,India,India,737,180,0.1063994211675897
8.03,309,93,0,CE,10.28,5.07,0,India,India,740,361,0.1066328469279851
8.28,307,77,1,CS,9.13,7.41,0,India,India,660,268,0.0658432442647268
9.8,291,106,0,CS,16.89,11.74,0,India,Kazakhstan,15,2400,0.537156695
7.18,299,100,1,ME,9.86,5.97,0,India,India,678,50,0.0872351368370008
6.55,312,95,0,EE,14.36,1.51,0,India,India,626,446,0.019541092418436
6.81,310,89,0,MBA,13.04,4.53,0,India,India,513,394,0.2107666080514829
6.82,313,93,0,CS,9.27,1.55,0,India,India,859,385,0.4850020246401285
8.08,305,112,0,EE,4.18,3.26,1,India,Kuwait,52,79,0.017681408
7.14,303,78,0,EE,6.65,8.91,0,India,India,811,321,0.499751565956831
9.09,323,117,0,CS,5.05,3.93,1,India,Curacao,44,200,0.044763058
7.13,284,90,0,ME,10.59,6.79,0,India,India,636,366,0.4552398228890962
7.42,310,100,0,CS,10.79,4.68,0,India,India,973,55,0.4824392392605859
7.43,296,85,0,ME,11.77,4.13,0,India,India,938,447,0.4368774416992587
8.13,298,75,0,CE,12.88,4.83,1,India,India,899,361,0.0310319447403415
9.56,319,113,0,EE,18.1,13.8,1,India,Guyana,46,167,0.037377153
6.73,313,81,0,CE,7.84,5.13,0,India,India,883,186,0.1168512993054912
6.32,306,83,1,CS,15.18,3.09,0,India,India,761,204,0.3666397142473869
7.0,302,119,1,CE,13.34,9.1,0,India,Brazil,57,24,0.005371567
6.86,302,97,0,MBA,5.75,7.26,0,India,India,549,400,0.2098292007663707
8.58,336,92,1,MBA,11.43,5.16,0,India,Azerbaijan,63,11,0.002461968
6.07,328,103,1,EE,13.46,5.93,0,India,Germany,19,1715,0.383843222
6.09,303,99,0,CE,10.57,7.49,0,India,India,527,209,0.480654425937118
8.19,314,94,1,CE,4.54,3.23,0,India,Philippines,8,6500,1.454799383
8.89,323,97,0,ME,18.44,9.92,0,India,Russian Federation,9,6500,1.454799383
8.55,307,118,1,CS,20.05,8.79,0,India,Latvia,32,700,0.156670703
7.54,291,94,0,MBA,16.57,2.47,0,India,India,986,461,0.4003679198381272
7.58,311,81,0,EE,10.56,2.36,0,India,India,902,71,0.4693444310813068
7.06,290,82,1,CE,8.07,3.74,0,India,India,947,327,0.2833746757060725
8.54,290,111,0,CS,4.29,2.25,1,India,Austria,41,300,0.067144587
9.89,329,96,0,CE,21.31,13.47,0,India,Israel,34,550,0.123098409
6.93,288,93,1,EE,9.5,5.81,0,India,India,621,326,0.3937413819830186
9.94,315,102,1,CS,10.94,8.27,1,India,Kuwait,52,79,0.017681408
6.4,297,96,1,ME,10.53,8.33,0,India,Belgium,33,600,0.134289174
9.55,296,98,1,CS,10.76,5.9,1,India,Austria,41,300,0.067144587
6.82,289,103,0,ME,8.17,5.36,0,India,India,687,5,0.4319039004157484
7.85,311,91,0,CE,13.05,1.08,0,India,India,584,132,0.2271528643635433
7.75,311,89,0,CS,15.43,4.2,0,India,India,901,365,0.4438509075252692
7.3,303,119,1,ME,28.3,14.06,0,India,UK(2015-16),5,16715,3.741072568
7.68,300,106,0,CE,22.17,14.69,0,India,Bulgaria,53,50,0.011190764
8.09,327,112,1,MBA,14.9,9.74,1,India,Mexico,51,100,0.022381529
6.1,339,92,0,CE,6.01,2.57,1,India,Korea (Republic of),25,1022,0.228739226
7.39,288,95,0,CS,12.05,3.86,0,India,India,974,338,0.4941725448682881
6.34,336,110,0,MBA,4.12,2.26,0,India,Ireland,17,2096,0.469116847
8.6,304,111,0,CE,6.82,4.43,0,India,Kazakhstan,15,2400,0.537156695
6.52,281,89,1,CE,6.42,4.56,0,India,India,924,335,0.0890972814255725
5.0,289,91,1,CS,10.46,4.18,0,India,India,601,477,0.1819736090845587
6.33,316,109,1,EE,28.86,17.21,0,India,Norway,43,250,0.055953822
7.38,299,90,1,CS,6.78,5.78,0,India,India,837,486,0.24745418145019
7.72,285,91,0,EE,16.43,4.6,0,India,India,570,290,0.2648894205024379
7.31,298,97,1,CS,3.51,8.07,0,India,India,879,207,0.1682833364421068
9.96,320,118,1,ME,18.23,10.97,0,India,Romania,45,200,0.044763058
7.26,309,99,1,MBA,15.01,6.67,0,India,India,578,421,0.2431353887824533
7.47,290,109,0,CE,3.46,2.26,1,India,France (Reunion Is.),69,3,0.000671446
8.43,315,100,0,MBA,35.52,20.89,0,Abroad,New Zealand,3,32000,7.162089271
6.76,311,99,0,EE,10.52,4.3,0,India,India,617,470,0.2466891129147359
6.08,324,116,1,ME,18.6,14.82,0,India,Iran,22,1200,0.268578348
8.27,306,94,0,CE,3.78,2.28,1,India,Kazakhstan,15,2400,0.537156695
6.71,304,81,0,MBA,11.75,4.57,1,India,India,820,264,0.2896114055096089
9.08,309,98,1,EE,28.98,19.54,0,India,Indonesia,60,18,0.004028675
8.39,299,108,0,EE,4.02,1.69,0,India,New Zealand,3,32000,7.162089271
7.29,292,86,0,CE,9.45,3.97,1,India,India,542,296,0.1626742104933851
6.64,304,112,1,MBA,31.68,14.79,0,India,Greece,66,8,0.001790522
6.71,306,79,0,ME,6.12,8.67,0,India,India,604,361,0.189656849809967
6.95,301,81,1,ME,8.3,7.1,1,India,India,692,383,0.2346156489997433
7.37,280,97,0,ME,3.53,9.03,0,India,India,662,311,0.2303001386482999
8.64,291,78,0,CE,11.56,7.28,0,India,India,866,237,0.4904001019768668
9.09,323,103,1,MBA,9.85,4.23,1,India,Kazakhstan,15,2400,0.537156695
6.88,305,99,1,CE,4.43,2.16,0,India,India,543,218,0.2489226650921956
9.02,322,113,1,MBA,15.93,8.21,0,India,Iran,22,1200,0.268578348
6.75,304,96,1,MBA,3.09,2.14,0,India,Armenia,28,900,0.201433761
6.26,284,92,0,CS,10.93,5.42,0,India,India,590,368,0.4287614890910058
7.01,307,98,0,CS,8.14,9.3,0,India,India,741,79,0.081135684218822
9.29,293,116,0,EE,5.75,2.46,0,India,Norway,43,250,0.055953822
8.36,294,100,0,MBA,19.04,10.16,1,India,Estonia,48,150,0.033572293
6.55,306,100,0,CS,3.16,6.68,0,India,India,652,415,0.2293076568152827
7.76,324,109,1,CS,5.53,4.33,0,India,Cyprus,18,1962,0.439125598
6.57,296,100,0,ME,10.1,5.52,1,India,India,589,111,0.0058227388643479
7.29,302,100,0,ME,20.43,9.0,0,India,Philippines,8,6500,1.454799383
8.83,284,100,0,ME,2.12,4.06,0,India,India,679,277,0.2569209198853432
6.56,290,97,0,ME,9.69,6.08,0,India,US(2015-16),0,165918,37.13498524
8.01,300,104,1,MBA,6.06,4.36,1,India,Ireland,17,2096,0.469116847
9.21,338,108,0,CE,13.72,6.91,0,India,Cyprus,18,1962,0.439125598
6.63,291,108,0,CE,22.66,15.75,1,India,Italy,23,1163,0.260297182
7.09,286,98,0,EE,6.78,3.68,0,India,India,548,210,0.1961964680124432
7.73,313,99,1,CS,6.64,5.17,0,India,India,998,146,0.2191151440625203
6.09,309,94,0,CS,6.97,3.61,0,India,India,714,59,0.058505517429612
5.49,298,92,0,EE,8.75,5.26,0,India,India,753,75,0.0300807023506031
8.45,298,116,1,EE,48.43,24.94,0,India,Finland,27,1000,0.22381529
8.52,322,118,1,ME,5.83,3.71,1,India,Romania,45,200,0.044763058
8.23,335,104,1,CS,7.76,5.84,1,India,Mexico,51,100,0.022381529
7.59,301,95,0,CE,13.08,4.11,0,India,India,522,318,0.280961897593219
8.6,315,95,1,ME,12.73,8.96,1,India,Moldova,47,160,0.035810446
8.23,304,97,0,ME,10.12,5.66,0,India,India,787,481,0.0738324238260746
6.29,325,116,1,MBA,3.86,2.01,0,India,Armenia,28,900,0.201433761
7.55,312,86,0,ME,9.14,4.06,0,India,India,764,212,0.0745592481465792
9.55,312,92,1,CE,6.97,4.36,0,India,Malaysia,20,1493,0.334156228
7.43,334,118,0,CE,9.55,7.62,0,India,Curacao,44,200,0.044763058
7.08,309,87,1,CS,12.15,5.81,0,India,India,826,422,0.4067704496925916
7.08,286,88,1,MBA,5.96,1.27,0,India,India,716,349,0.1847730935680301
9.43,300,107,0,EE,14.85,6.57,0,India,Georgia,24,1100,0.246196819
7.44,311,88,0,EE,5.22,3.99,0,India,India,936,107,0.3218893088816238
9.74,337,108,0,CE,19.27,13.14,0,India,Iceland,64,10,0.002238153
6.62,305,75,0,CS,13.86,5.11,0,India,India,635,252,0.0561792526734383
7.03,311,75,0,CE,13.27,5.83,0,India,India,644,147,0.3862755417941916
7.29,302,78,0,ME,9.0,4.33,0,India,India,554,124,0.2321218049228127
6.32,283,87,0,CS,11.7,6.5,1,India,India,959,272,0.4128646793662277
6.16,334,95,0,CS,18.57,8.55,1,India,Mauritius,35,500,0.111907645
8.01,312,102,0,MBA,8.37,3.28,1,India,India,917,324,0.0795010187505405
7.28,311,104,0,ME,8.47,2.51,0,India,India,528,93,0.2480729261454728
7.66,285,93,0,ME,13.35,4.51,0,India,India,823,173,0.2500384144840196
6.45,297,89,0,ME,13.81,3.9,0,India,India,985,421,0.1230890909777545
8.02,286,83,0,CS,11.13,6.48,0,India,India,816,378,0.3421621389783442
8.92,337,112,0,MBA,4.97,3.31,1,India,United Arab Emirates(Dubai),10,5500,1.230984093
8.47,291,102,0,MBA,9.76,7.12,1,India,Russian Federation,9,6500,1.454799383
7.03,324,116,0,MBA,5.75,2.83,0,India,Sweden,16,2340,0.523727778
6.57,290,91,0,MBA,9.26,4.93,0,India,India,978,132,0.1871833260349179
5.0,307,81,0,EE,8.8,8.1,0,India,India,534,97,0.0193593656558243
6.51,309,100,0,ME,40.78,20.97,0,India,Serbia,74,1,0.000223815
7.89,300,81,0,CS,11.14,8.67,0,India,India,892,421,0.3333861449377666
8.2,297,112,0,ME,4.47,2.23,0,India,Mexico,51,100,0.022381529
7.35,293,100,1,MBA,6.94,10.02,0,India,India,713,44,0.209329053295299
8.46,319,115,0,MBA,13.28,5.59,0,India,Guyana,46,167,0.037377153
6.1,297,101,0,MBA,5.28,4.18,1,India,Iran,22,1200,0.268578348
7.6,292,85,0,EE,7.72,7.34,0,India,India,559,153,0.4890762344489365
8.47,296,88,0,CE,9.74,4.93,0,India,India,583,147,0.3864014449731245
9.79,327,110,0,CS,4.58,2.31,0,India,HongKong,37,365,0.081692581
6.32,294,98,0,CE,10.32,6.12,0,India,India,867,405,0.2303445149963029
7.98,288,79,0,ME,11.82,6.41,1,India,India,800,364,0.4538045673077797
7.26,282,97,0,MBA,12.11,4.87,0,India,India,599,237,0.311217397644063
6.5,289,100,1,CS,11.81,2.11,0,India,India,849,158,0.2225710488741691
8.96,320,100,0,EE,3.81,2.74,1,India,Bulgaria,53,50,0.011190764
7.03,305,78,1,CE,16.59,1.57,0,India,India,995,353,0.0439557916022346
6.33,311,98,1,CE,14.65,4.19,0,India,India,529,338,0.4707210226402706
9.69,299,116,0,CS,30.86,22.76,0,India,Romania,45,200,0.044763058
9.23,309,104,1,MBA,5.71,4.08,0,India,Ireland,17,2096,0.469116847
6.95,306,99,0,CE,5.17,3.31,1,India,Guyana,46,167,0.037377153
9.14,321,110,1,ME,6.64,4.45,0,India,Mongolia,73,1,0.000223815
6.02,320,104,1,CE,3.43,2.72,0,India,Indonesia,60,18,0.004028675
7.04,317,111,0,ME,8.35,3.59,0,India,Sudan,55,41,0.009176427
9.87,323,117,0,MBA,16.39,11.37,0,India,Turkey,56,36,0.00805735
7.26,290,94,0,MBA,14.96,3.51,1,India,India,721,223,0.4052775044484046
7.35,327,90,0,CS,12.71,5.15,0,India,Bosnia Herzegovina,70,2,0.000447631
6.51,280,81,0,CE,9.31,1.32,0,India,India,893,73,0.0870764182983435
7.52,299,101,0,CE,14.51,3.1,0,India,India,914,470,0.389824123663731
7.34,281,95,0,CE,11.37,6.45,0,India,India,810,183,0.3335008434094267
6.06,326,106,1,ME,3.91,2.16,0,India,China,6,16694,3.736372447
7.24,311,88,0,MBA,13.3,5.27,0,India,India,822,250,0.3151811212208419
8.86,291,91,0,CS,12.3,6.62,0,India,Greece,66,8,0.001790522
6.45,308,91,0,EE,5.34,3.64,0,India,India,643,299,0.0834087735460958
6.95,290,100,1,CE,4.28,1.83,0,India,China,6,16694,3.736372447
6.96,289,97,0,MBA,11.81,1.61,0,India,India,977,15,0.1982939884001908
6.47,293,119,1,CE,4.67,3.08,0,India,Indonesia,60,18,0.004028675
7.33,305,88,0,MBA,9.46,6.57,1,India,India,941,421,0.0210219579146955
8.98,332,92,1,EE,13.41,9.81,0,India,Brunei Darussalam,58,20,0.004476306
7.08,292,99,0,CS,6.34,3.24,0,India,Canada,2,50000,11.19076449
5.93,302,79,0,MBA,8.42,2.87,0,India,India,697,73,0.2225466323672789
7.55,298,118,0,EE,19.63,15.39,0,India,Switzerland,36,445,0.099597804
8.59,282,81,1,CS,6.78,2.1,0,India,India,884,434,0.0653345803997016
7.67,307,91,0,ME,10.7,3.1,0,India,India,595,218,0.4743222185405134
6.96,291,76,0,MBA,13.68,4.49,0,India,India,767,195,0.1264721263826367
7.56,281,81,0,EE,11.2,8.97,0,India,India,649,278,0.2250790160749858
6.02,300,87,0,ME,8.66,5.49,0,India,India,650,377,0.3600218014726557
7.77,302,103,0,MBA,6.59,5.09,0,India,India,865,43,0.4480743882358963
7.63,282,83,0,EE,9.62,4.75,0,India,India,668,357,0.3565391378225659
8.49,301,91,1,EE,17.46,7.38,0,India,Italy,23,1163,0.260297182
7.12,289,100,0,CE,8.45,5.48,0,India,India,689,21,0.0740471335126318
9.34,294,107,1,ME,39.76,18.76,0,India,Austria,41,300,0.067144587
7.76,322,114,1,CE,5.96,3.41,0,India,Lebanon,71,2,0.000447631
8.57,303,99,1,EE,15.87,6.45,1,India,Niger,68,5,0.001119076
8.09,330,104,1,MBA,44.21,32.5,1,Abroad,UK(2015-16),5,16715,3.741072568
7.16,319,118,1,MBA,4.82,3.84,1,India,Canada,2,50000,11.19076449
6.35,298,89,0,CS,16.15,1.66,0,India,India,989,442,0.4418173078708666
6.18,310,115,1,EE,4.39,2.07,1,India,France,11,5000,1.119076449
8.18,293,96,0,EE,5.86,2.94,0,India,Japan,30,879,0.19673364
6.68,295,100,0,EE,4.1,2.36,0,India,Australia,1,66886,14.97010947
6.39,300,108,1,CS,6.92,5.44,1,India,HongKong,37,365,0.081692581
6.75,284,80,0,EE,11.64,4.38,0,India,India,802,262,0.4352809702163239
7.86,282,83,1,ME,12.08,5.23,1,India,India,677,218,0.4539824537733676
7.85,310,113,1,CE,18.68,11.32,0,India,Malaysia,20,1493,0.334156228
7.72,288,91,0,ME,12.24,6.2,0,India,India,670,367,0.1241989193949114
6.09,312,105,1,EE,11.13,6.38,0,India,HongKong,37,365,0.081692581
6.66,309,75,0,CE,7.53,5.13,1,India,India,526,61,0.2727491863857062
6.75,280,75,0,CE,14.71,6.55,0,India,India,845,47,0.2744151676903056
8.81,297,105,1,CE,13.32,8.43,0,India,Egypt,50,110,0.024619682
8.57,319,116,1,MBA,6.55,4.93,1,India,Saudi Arabia,31,850,0.190242996
7.54,334,112,1,EE,44.12,34.55,0,India,Russian Federation,9,6500,1.454799383
7.59,296,96,0,EE,8.84,3.88,0,India,India,942,23,0.4470633998935777
7.14,304,81,0,CE,9.55,4.74,0,India,India,749,335,0.1683729913891829
6.98,310,91,1,CS,14.46,4.33,0,India,India,948,325,0.2685754096591481
8.24,282,100,0,CE,14.9,6.06,0,India,India,829,378,0.0958579069375791
6.57,282,93,0,MBA,9.72,2.61,0,India,India,656,180,0.1674293297975105
9.12,292,111,1,CS,6.6,5.02,1,India,Greece,66,8,0.001790522
6.9,299,107,1,ME,3.62,1.51,1,India,Greece,66,8,0.001790522
9.62,322,96,0,EE,16.27,7.81,0,India,Philippines,8,6500,1.454799383
6.06,324,114,0,ME,8.0,3.44,0,India,Egypt,50,110,0.024619682
6.02,324,91,0,CS,19.49,13.33,1,India,Mongolia,73,1,0.000223815
7.37,292,90,0,CS,5.51,5.57,0,India,India,613,425,0.1136999627008632
7.43,339,107,0,ME,6.73,4.1,0,India,Ukraine,7,7963,1.782241152
6.19,310,118,0,EE,37.15,19.18,0,India,Azerbaijan,63,11,0.002461968
8.37,309,80,0,ME,5.77,5.51,0,India,India,535,405,0.3197783919777985
8.25,311,79,1,CE,9.67,4.49,0,India,India,695,140,0.2160474347144659
8.03,293,96,0,CS,11.06,5.58,0,India,India,557,128,0.0376558953514304
6.53,312,94,0,CS,7.45,7.41,0,India,India,836,264,0.072543535656235
7.86,298,80,0,MBA,15.63,5.87,0,India,India,596,420,0.1288319636167936
9.34,338,109,1,CS,9.17,6.21,1,India,Kuwait,52,79,0.017681408
7.27,283,95,0,CE,11.52,3.06,0,India,India,918,108,0.1266918412809617
7.41,336,103,0,CS,17.18,7.98,1,India,Curacao,44,200,0.044763058
5.99,311,94,1,CE,3.93,2.33,0,India,India,824,170,0.3531012643470894
8.17,293,105,1,ME,10.65,8.44,1,India,Estonia,48,150,0.033572293
7.01,314,96,0,EE,5.23,3.68,0,India,Estonia,48,150,0.033572293
7.61,290,79,1,CS,9.33,10.42,0,India,India,925,402,0.4065361449573167
5.63,288,89,0,ME,3.84,6.74,0,India,India,827,212,0.3460122427540273
6.55,294,99,0,CS,9.71,2.03,0,India,India,655,455,0.4717915378070022
9.03,327,99,1,MBA,10.89,4.69,1,India,Japan,30,879,0.19673364
6.97,283,80,0,ME,12.52,1.85,1,India,India,664,11,0.4516365731187178
9.41,295,115,0,ME,46.1,18.9,1,India,Belgium,33,600,0.134289174
7.31,305,83,0,EE,8.09,5.22,0,India,India,907,14,0.1294207851049259
7.61,293,79,0,CS,7.88,2.31,0,India,India,708,424,0.488249659228138
9.9,300,114,1,CS,17.77,10.08,1,India,Greece,66,8,0.001790522
6.53,282,75,0,MBA,7.68,5.03,0,India,India,734,218,0.1880812874482962
6.19,300,97,0,MBA,5.67,4.38,0,India,India,975,267,0.2316171812527873
6.74,327,96,1,CS,5.4,3.09,1,India,Czech Republic,38,350,0.078335351
8.15,282,92,0,CS,14.02,4.72,0,India,India,896,183,0.3100913920332459
8.93,322,109,0,CE,28.92,14.42,0,India,Mexico,51,100,0.022381529
6.56,290,78,0,ME,9.31,1.75,0,India,India,544,254,0.0354975795247218
8.01,297,114,1,ME,6.92,5.39,0,India,Canada,2,50000,11.19076449
6.76,304,80,0,CS,6.52,6.0,0,India,India,904,276,0.4151045444994258
5.24,283,87,0,MBA,16.6,4.0,0,India,India,536,68,0.3770326888393421
7.59,324,112,1,CS,12.27,8.38,0,India,Guyana,46,167,0.037377153
7.92,300,102,0,ME,12.19,2.6,0,India,India,994,287,0.4758192170123707
8.78,300,114,0,CE,27.97,19.56,0,India,China,6,16694,3.736372447
6.97,300,89,0,ME,7.01,3.16,0,India,India,575,145,0.121580878956787
9.8,316,117,0,CE,12.65,5.37,1,India,Sri Lanka,62,15,0.003357229
6.68,314,111,0,MBA,12.6,9.53,0,India,Tanzania,21,1220,0.273054653
8.01,336,116,0,MBA,15.14,11.27,0,India,Kuwait,52,79,0.017681408
8.37,287,94,1,CE,10.92,1.78,0,India,India,963,288,0.3070216350337956
9.6,303,98,0,EE,3.12,1.78,0,India,Mongolia,73,1,0.000223815
6.46,319,112,0,MBA,13.51,10.55,0,India,Australia,1,66886,14.97010947
8.39,309,114,1,CE,10.9,6.47,0,India,Canada,2,50000,11.19076449
8.43,336,115,1,MBA,14.84,9.44,1,India,Kazakhstan,15,2400,0.537156695
6.57,288,89,0,MBA,11.89,7.6,1,India,India,514,66,0.1057218544420763
5.93,293,99,1,MBA,10.57,4.92,0,India,India,799,242,0.1049397516749726
8.07,325,118,0,MBA,10.83,7.59,0,India,Mauritius,35,500,0.111907645
6.31,304,116,1,CE,11.99,9.21,1,India,Romania,45,200,0.044763058
6.57,301,116,0,MBA,6.29,4.87,0,India,Bosnia Herzegovina,70,2,0.000447631
6.3,292,106,0,CE,4.17,3.27,0,India,Israel,34,550,0.123098409
7.24,319,97,1,ME,13.6,6.79,1,India,Slovakia,61,18,0.004028675
7.86,315,108,1,EE,33.45,17.48,1,India,Ireland,17,2096,0.469116847
7.32,294,93,1,CS,3.46,2.04,0,India,Georgia,24,1100,0.246196819
7.65,281,100,0,CS,11.25,3.13,0,India,India,991,267,0.2247560107955872
6.98,285,88,1,ME,9.29,5.56,0,India,India,789,412,0.2645943454451879
6.3,310,87,0,CS,10.2,7.05,0,India,India,894,237,0.0281139393394761
9.0,322,102,0,ME,31.32,21.71,0,Abroad,France,11,5000,1.119076449
7.12,290,108,1,MBA,3.26,1.65,1,India,Germany,19,1715,0.383843222
7.94,289,80,1,ME,13.85,3.81,0,India,India,519,178,0.172352312459798
8.03,310,94,0,CE,11.61,4.21,1,India,India,916,11,0.4774077944959569
6.95,312,77,0,EE,6.9,4.03,0,India,India,922,158,0.0690830448458525
6.62,317,100,0,ME,7.63,4.5,1,India,Guyana,46,167,0.037377153
7.93,310,99,1,CE,9.11,5.04,0,India,India,731,463,0.3483245614740957
7.5,325,113,1,ME,37.85,28.97,0,India,Turkey,56,36,0.00805735
7.71,323,112,0,CE,11.02,5.39,0,India,New Zealand,3,32000,7.162089271
8.79,329,93,0,CE,16.9,10.5,1,India,Denmark,42,274,0.061325389
8.34,310,98,1,EE,33.48,21.26,1,India,Soth Africa,49,150,0.033572293
9.06,301,91,1,ME,2.49,3.94,0,India,India,868,51,0.0434742891751253
8.56,314,75,0,ME,10.48,2.06,0,India,India,798,38,0.2955675302348157
6.47,314,116,1,CS,21.41,14.76,1,India,Ukraine,7,7963,1.782241152
6.45,301,88,0,EE,9.31,4.63,0,India,India,631,202,0.2630598598275551
8.79,306,112,0,ME,28.29,11.42,0,India,HongKong,37,365,0.081692581
7.82,312,100,0,CS,39.39,18.36,0,India,Indonesia,60,18,0.004028675
9.57,299,90,1,CE,48.25,30.44,0,India,Sri Lanka,62,15,0.003357229
5.91,306,79,1,CS,6.67,1.0,0,India,India,900,474,0.2357866279552263
7.18,326,103,0,MBA,3.52,2.59,1,India,Rwanda,59,20,0.004476306
6.79,288,86,0,ME,11.84,6.11,0,India,India,523,390,0.4082554995449291
8.83,335,107,0,CE,37.8,26.99,0,Abroad,Azerbaijan,63,11,0.002461968
8.9,315,114,1,CE,16.83,12.23,1,India,Iran,22,1200,0.268578348
6.68,287,81,1,CE,9.12,7.03,1,India,India,603,183,0.1499520999484804
8.49,333,108,1,CS,5.47,2.54,0,India,Guyana,46,167,0.037377153
7.05,289,102,0,CS,9.29,6.56,0,India,India,783,193,0.4659016521884832
5.95,296,88,1,EE,10.23,2.21,1,India,India,587,319,0.4257346999239144
7.37,297,83,0,CE,10.35,6.19,0,India,India,797,408,0.2673843377176269
6.71,338,114,1,CE,9.62,6.55,1,India,Nepal,13,3000,0.671445869
6.12,295,106,1,CE,3.08,2.13,0,India,Russian Federation,9,6500,1.454799383
8.77,326,100,0,EE,30.21,19.14,0,Abroad,Curacao,44,200,0.044763058
7.72,301,79,1,ME,6.86,3.36,0,India,India,717,180,0.2463912936898586
8.3,294,115,1,ME,15.12,10.16,0,India,Italy,23,1163,0.260297182
6.33,336,113,1,CS,28.62,13.57,0,India,Belgium,33,600,0.134289174
7.57,292,110,0,MBA,11.51,6.73,0,India,Bosnia Herzegovina,70,2,0.000447631
6.86,307,84,0,EE,13.68,8.12,0,India,India,950,139,0.1538289962923509
7.56,309,100,0,ME,2.9,1.39,0,India,India,946,250,0.0671369074263549
6.87,313,98,1,MBA,7.93,8.96,0,India,India,796,17,0.0937717399626992
6.94,297,100,1,EE,12.81,6.93,0,India,India,501,395,0.1423890538736459
9.85,333,103,1,CS,5.12,2.68,1,India,Italy,23,1163,0.260297182
7.83,315,105,0,MBA,27.26,17.26,0,India,Azerbaijan,63,11,0.002461968
6.89,294,93,1,ME,6.85,3.71,0,India,Uzbekistan,54,50,0.011190764
7.15,302,81,0,CE,10.28,1.37,0,India,India,935,264,0.0059529846103836
7.4,336,91,0,EE,6.07,3.5,0,India,Kuwait,52,79,0.017681408
9.46,318,91,1,CE,18.08,14.16,0,India,Armenia,28,900,0.201433761
6.97,311,104,0,CS,45.73,33.93,0,India,France,11,5000,1.119076449
6.47,309,99,1,CE,12.43,8.46,0,India,India,541,290,0.4523700934084322
6.34,294,118,1,MBA,8.78,6.77,1,India,Russian Federation,9,6500,1.454799383
7.82,312,113,0,MBA,3.07,1.77,0,India,Austria,41,300,0.067144587
6.36,313,101,1,CE,12.63,9.03,0,India,Romania,45,200,0.044763058
6.77,301,102,0,ME,14.75,6.13,1,India,India,778,456,0.3533808813775058
7.45,300,90,0,MBA,5.12,3.52,0,India,India,949,121,0.3211740870400786
6.18,320,106,1,ME,6.18,3.21,0,India,Latvia,32,700,0.156670703
8.98,285,83,1,MBA,9.01,5.44,0,India,India,576,251,0.3871806387393466
6.37,287,92,0,CS,10.48,3.41,0,India,India,934,144,0.4391162631866653
7.61,290,88,0,CE,10.58,9.42,0,India,India,567,44,0.2139067267134433
7.09,285,78,1,ME,10.14,2.28,0,India,India,594,233,0.0941263106597013
8.16,311,98,1,EE,10.86,6.72,0,India,India,530,236,0.2238778571403978
5.0,282,91,1,MBA,5.11,6.18,0,India,India,581,190,0.1686660287494824
7.53,314,78,1,CS,9.57,7.79,0,India,India,707,295,0.4350427909557056
7.51,312,105,0,CE,6.56,2.81,1,India,Kuwait,52,79,0.017681408
9.63,301,99,1,ME,13.71,9.24,0,India,Armenia,28,900,0.201433761
9.57,330,99,1,MBA,37.41,28.75,1,Abroad,Korea (Republic of),25,1022,0.228739226
8.63,330,114,1,ME,30.73,14.2,1,India,Romania,45,200,0.044763058
8.49,301,96,1,CS,9.93,5.15,0,India,India,728,260,0.4035783701657644
8.61,317,95,1,EE,14.04,10.96,1,India,Serbia,74,1,0.000223815
6.46,301,119,0,MBA,12.16,9.62,0,India,Indonesia,60,18,0.004028675
6.21,339,108,1,CS,15.75,11.22,1,India,Tanzania,21,1220,0.273054653
8.16,303,97,0,CS,3.04,2.03,1,India,Georgia,24,1100,0.246196819
6.65,306,92,0,MBA,10.53,10.79,0,India,India,628,125,0.4168586344068516
6.8,301,100,0,EE,8.04,6.28,0,India,India,777,126,0.083336270864853
7.68,285,75,0,MBA,11.64,6.1,0,India,India,506,236,0.3718730181500571
6.69,323,110,1,MBA,6.21,3.11,1,India,Mexico,51,100,0.022381529
9.6,326,116,0,CS,35.54,23.79,1,Abroad,Canada,2,50000,11.19076449
7.1,289,102,1,MBA,7.87,3.96,0,India,India,711,157,0.0865181283870382
7.35,305,111,1,EE,8.85,4.16,1,India,Estonia,48,150,0.033572293
6.52,291,92,0,ME,7.48,4.3,0,India,India,703,113,0.2129884377448581
6.31,295,96,0,CS,3.57,2.83,0,India,France,11,5000,1.119076449
6.44,311,104,0,ME,16.45,3.77,0,India,India,722,301,0.3781491195287627
8.21,281,89,1,CS,15.89,8.46,0,India,India,629,81,0.430991946124148
7.5,306,98,1,MBA,10.92,4.65,0,India,Iceland,64,10,0.002238153
7.64,299,101,0,EE,18.0,8.02,0,India,Germany,19,1715,0.383843222
6.26,286,79,0,ME,11.16,4.77,0,India,India,706,19,0.1904766561909785
6.34,290,85,0,CE,11.19,8.99,0,India,India,547,328,0.2395395207344859
6.91,311,103,0,ME,7.49,5.18,0,India,India,872,38,0.0458395680300727
6.24,291,87,0,CS,14.3,1.26,0,India,India,532,326,0.351059935177521
8.22,303,104,1,EE,3.07,2.28,1,India,Sudan,55,41,0.009176427
7.28,327,115,0,CE,5.53,3.99,1,India,Germany,19,1715,0.383843222
8.05,336,110,1,CE,5.58,3.18,0,India,Serbia,74,1,0.000223815
7.71,291,103,0,CE,47.4,23.52,0,India,Turkey,56,36,0.00805735
7.36,331,113,1,EE,43.67,22.2,0,India,HongKong,37,365,0.081692581
9.17,325,102,1,MBA,19.44,14.74,1,India,Libya,65,9,0.002014338
7.07,284,87,1,MBA,14.19,1.01,0,India,India,552,394,0.1507338929746777
6.95,288,96,1,EE,11.51,5.89,0,India,India,903,256,0.3058359047298485
6.48,326,99,1,CE,4.1,2.46,0,India,Belarus,40,343,0.076768644
6.98,298,75,1,CS,14.58,6.49,0,India,India,939,48,0.2111861473281527
6.45,290,99,1,EE,3.87,1.9,1,India,Malaysia,20,1493,0.334156228
8.05,317,112,0,EE,6.31,4.22,0,India,Canada,2,50000,11.19076449
6.66,284,83,0,EE,9.6,5.12,0,India,India,895,427,0.3777519016414389
9.95,321,90,0,EE,3.03,1.93,0,India,Egypt,50,110,0.024619682
6.15,315,119,0,ME,34.31,19.28,0,India,Tanzania,21,1220,0.273054653
6.89,336,109,0,CE,7.86,3.27,0,India,Korea (Republic of),25,1022,0.228739226
6.21,290,98,1,ME,9.74,7.58,1,India,Canada,2,50000,11.19076449
6.23,318,91,0,EE,3.84,2.5,1,India,Mauritius,35,500,0.111907645
8.22,306,116,1,MBA,6.23,3.16,1,India,Poland,14,2500,0.559538224
7.14,292,110,0,MBA,39.57,29.98,0,India,Mauritius,35,500,0.111907645
7.98,304,119,0,ME,33.73,19.62,1,India,Poland,14,2500,0.559538224
6.68,314,86,1,MBA,14.08,3.65,0,India,India,580,119,0.1977502232491962
7.29,300,103,0,ME,12.49,6.41,0,India,Moldova,47,160,0.035810446
9.11,315,101,1,ME,4.47,2.98,0,India,Hungary,39,350,0.078335351
6.36,323,101,1,EE,4.5,2.4,0,India,Iceland,64,10,0.002238153
8.37,300,106,1,ME,46.37,35.57,0,India,Ukraine,7,7963,1.782241152
7.38,292,95,0,MBA,13.99,5.37,0,India,India,773,422,0.4575620304609494
8.53,313,97,1,CE,12.04,6.27,0,India,France,11,5000,1.119076449
9.0,328,107,1,ME,11.11,5.33,1,India,Sudan,55,41,0.009176427
7.0,289,99,0,MBA,6.0,8.14,0,India,India,852,2,0.3040470131427532
8.36,316,119,0,CE,11.5,8.63,1,India,Serbia,74,1,0.000223815
8.91,302,97,0,CE,5.5,4.42,0,India,India,705,246,0.1314227169238289
9.85,293,99,0,CE,3.49,2.12,0,India,Belarus,40,343,0.076768644
6.91,311,101,0,CS,15.28,6.34,0,India,New Zealand,3,32000,7.162089271
6.23,337,95,1,CS,18.74,7.93,0,India,Kuwait,52,79,0.017681408
6.09,291,92,0,EE,11.77,2.02,0,India,India,745,211,0.0593799357610212
9.88,329,98,0,ME,17.01,11.41,1,India,Moldova,47,160,0.035810446
9.26,297,107,0,EE,4.36,2.08,1,India,Kazakhstan,15,2400,0.537156695
7.6,297,91,1,CE,11.82,1.0,0,India,India,910,283,0.3618031465784206
5.82,308,80,0,EE,11.62,2.9,0,India,India,813,313,0.4654175641100099
8.58,329,102,0,ME,15.07,11.19,0,India,Mexico,51,100,0.022381529
6.15,316,108,0,EE,6.38,4.97,1,India,Kuwait,52,79,0.017681408
6.87,292,103,1,CS,8.5,3.78,0,India,India,792,13,0.1073557748347819
6.78,311,116,0,CS,6.98,3.34,0,India,Soth Africa,49,150,0.033572293
8.63,314,106,0,EE,10.37,6.28,1,India,Malaysia,20,1493,0.334156228
8.42,283,92,0,MBA,15.4,1.65,1,India,India,923,415,0.0739886962207632
6.52,307,97,0,ME,14.74,5.58,0,India,India,500,308,0.0412328928135429
6.48,312,94,0,ME,36.02,14.93,1,India,Kyrgyzstan,12,4686,1.048798448
7.7,309,93,0,ME,6.82,6.45,1,India,India,990,427,0.4740117155854542
6.9,299,85,1,MBA,9.68,7.21,0,India,India,774,215,0.2666761510849785
8.64,304,103,1,CE,24.22,9.7,0,India,Korea (Republic of),25,1022,0.228739226
7.98,310,106,1,EE,16.13,8.01,0,India,Philippines,8,6500,1.454799383
7.11,284,96,0,ME,9.37,7.84,0,India,India,696,196,0.3010033572901103
6.92,313,112,0,CE,23.43,13.1,1,India,Japan,30,879,0.19673364
6.35,314,99,0,ME,14.15,5.34,0,India,India,588,108,0.1406706008105224
6.35,308,113,1,MBA,13.14,10.41,1,India,Tanzania,21,1220,0.273054653
9.58,322,112,1,EE,5.82,4.24,0,India,Kyrgyzstan,12,4686,1.048798448
7.5,300,106,1,ME,16.6,11.72,0,India,Azerbaijan,63,11,0.002461968
6.76,295,92,1,CE,9.85,8.31,0,India,India,757,323,0.1497279485363998
8.19,312,104,1,CE,12.78,4.03,0,India,India,997,313,0.0766546741537492
7.82,307,95,1,EE,8.22,4.56,1,India,Indonesia,60,18,0.004028675
9.47,293,107,0,ME,13.03,6.91,0,India,Italy,23,1163,0.260297182
5.51,289,99,1,ME,13.73,3.04,0,India,India,539,147,0.3044038502073828
6.86,302,80,0,CS,13.37,4.84,0,India,India,531,164,0.1385682387745065
8.51,293,104,1,ME,9.43,8.23,0,India,India,618,263,0.2273700382325516
6.8,292,90,1,CE,3.3,1.96,0,India,India,694,107,0.3244590971212593
7.33,285,94,1,ME,14.3,2.6,0,India,India,926,117,0.1596015064245833
7.9,339,105,0,ME,4.61,3.04,0,India,Curacao,44,200,0.044763058
9.1,312,102,1,CE,13.58,6.33,1,India,New Zealand,3,32000,7.162089271
6.62,282,89,1,EE,10.29,4.22,0,India,India,507,337,0.4979436838819444
7.75,292,86,1,MBA,14.62,6.69,0,India,India,516,431,0.1599750008338287
7.23,299,104,1,EE,10.19,4.85,0,India,India,920,328,0.4938786430691889
7.29,282,103,0,EE,9.07,2.17,0,India,India,781,336,0.4005772767007708
9.51,292,97,0,CS,10.72,5.06,0,India,Belgium,33,600,0.134289174
7.35,285,99,0,ME,10.97,8.79,0,India,India,817,157,0.4251226341076957
8.36,307,91,1,EE,8.64,1.0,1,India,India,710,373,0.1726718734291915
6.38,306,85,0,EE,8.62,3.32,0,India,India,682,370,0.4971414029945574
7.64,280,102,0,MBA,9.28,5.83,0,India,India,832,419,0.216625485616671
7.74,305,89,0,CE,10.75,4.42,0,India,India,518,374,0.4073963525221564
9.01,297,114,0,CS,25.98,12.06,0,India,Hungary,39,350,0.078335351
7.73,319,108,0,CS,18.12,11.76,1,India,Guyana,46,167,0.037377153
6.88,284,75,0,EE,11.7,5.9,0,India,India,715,63,0.0422296332752161
8.51,290,93,0,EE,28.8,18.55,1,India,Saudi Arabia,31,850,0.190242996
8.79,306,99,0,MBA,8.78,9.2,0,India,India,568,468,0.3063771068241189
6.4,316,102,1,ME,15.55,8.04,1,India,Russian Federation,9,6500,1.454799383
9.62,314,110,0,MBA,13.76,10.13,0,India,Denmark,42,274,0.061325389
6.25,319,90,0,ME,4.38,3.01,0,India,Guyana,46,167,0.037377153
7.09,335,106,0,MBA,11.31,5.41,1,India,HongKong,37,365,0.081692581
7.34,298,99,0,CS,6.63,5.91,0,India,India,638,415,0.0278027392598453
9.47,291,111,0,ME,6.92,3.57,0,India,Bosnia Herzegovina,70,2,0.000447631
6.14,297,109,0,CE,6.53,3.36,0,India,Korea (Republic of),25,1022,0.228739226
7.55,308,104,1,CE,3.29,1.85,0,India,Ukraine,7,7963,1.782241152
6.28,303,104,0,ME,3.49,2.42,0,India,Korea (Republic of),25,1022,0.228739226
6.05,329,96,0,CS,3.06,1.6,1,India,France,11,5000,1.119076449
8.81,295,111,1,ME,3.8,2.39,1,India,Sri Lanka,62,15,0.003357229
9.33,307,116,0,ME,3.32,2.61,1,India,Tanzania,21,1220,0.273054653
9.7,297,119,0,CE,6.95,3.63,0,India,Czech Republic,38,350,0.078335351
6.78,307,111,0,EE,3.57,1.7,0,India,Chile,72,1,0.000223815
8.25,286,79,0,EE,9.41,10.69,0,India,India,881,250,0.3387497190406087
6.74,299,94,0,EE,11.29,6.55,0,India,India,615,327,0.202598802782018
7.47,309,95,1,ME,11.45,8.85,0,India,Lithuania,29,900,0.201433761
7.18,285,78,0,MBA,6.94,5.88,0,India,India,572,94,0.2820685205738257
6.28,307,81,0,ME,13.19,5.45,0,India,India,970,50,0.4747865894513928
6.9,308,99,0,ME,8.17,2.15,0,India,India,653,190,0.4704113655139814
7.87,313,89,0,EE,9.42,3.58,0,India,India,545,491,0.1872303417949081
7.65,306,84,0,EE,10.91,5.42,0,India,India,582,111,0.0615917962192164
5.4,309,99,1,CE,7.28,4.76,1,India,India,633,56,0.4110694381245461
8.76,332,115,1,EE,12.33,4.93,1,India,Germany,19,1715,0.383843222
7.94,304,75,1,MBA,10.83,6.64,0,India,India,665,139,0.4637910004810711
7.74,295,77,0,CE,13.07,3.83,0,India,India,673,215,0.2968618603898389
6.63,297,87,0,CE,18.46,5.99,0,India,India,585,79,0.302495446414343
6.53,311,88,0,CS,14.72,9.94,0,India,India,873,187,0.351749032176156
9.11,297,103,1,ME,29.4,14.28,0,India,Romania,45,200,0.044763058
8.14,335,112,0,EE,40.65,29.85,0,Abroad,Bahrain,4,27000,6.043012822
9.85,334,119,0,CE,5.13,2.84,1,India,Kazakhstan,15,2400,0.537156695
7.23,291,94,0,CS,12.65,4.53,1,India,India,634,415,0.3178849075261879
6.6,300,99,0,CE,6.84,6.89,0,India,India,885,104,0.0880281982633254
6.81,284,79,0,MBA,17.06,3.6,0,India,India,669,14,0.0048988345635567
7.28,327,98,1,CE,7.71,5.39,1,India,Sudan,55,41,0.009176427
9.8,299,93,1,CS,6.8,4.14,0,India,Germany,19,1715,0.383843222
8.83,328,91,0,ME,44.08,31.61,0,Abroad,Iran,22,1200,0.268578348
9.23,294,114,0,CS,4.68,2.57,1,India,Finland,27,1000,0.22381529
5.81,308,87,0,MBA,9.3,6.14,0,India,India,598,163,0.2786179269154526
7.71,303,82,0,EE,10.18,5.29,0,India,India,961,96,0.1066139041819894
9.96,295,99,0,CS,11.68,8.12,0,India,Rwanda,59,20,0.004476306
9.63,316,114,1,EE,27.73,16.43,1,Abroad,Finland,27,1000,0.22381529
8.53,318,104,0,MBA,6.0,3.34,1,India,Armenia,28,900,0.201433761
7.31,302,107,1,ME,5.58,3.43,0,India,Lithuania,29,900,0.201433761
7.15,308,75,0,CS,5.12,3.39,0,India,India,525,73,0.4241783169005684
7.87,307,109,0,CS,4.52,2.26,0,India,Ukraine,7,7963,1.782241152
6.37,293,104,1,MBA,39.99,25.86,0,India,Moldova,47,160,0.035810446
9.04,303,103,0,CS,12.48,5.04,1,India,Bahrain,4,27000,6.043012822
7.21,299,79,0,EE,10.99,5.16,0,India,India,930,219,0.177444951431804
7.89,304,99,1,ME,23.94,16.97,0,India,Iceland,64,10,0.002238153
9.42,294,101,1,EE,21.51,13.76,0,India,US(2015-16),0,165918,37.13498524
7.51,283,100,0,CS,12.6,3.16,0,India,India,988,234,0.2469931385854238
6.77,313,93,0,EE,13.6,5.62,0,India,India,921,222,0.0469715682043341
6.93,301,75,0,ME,6.31,2.83,0,India,India,933,441,0.0279054018623723
7.79,295,87,0,EE,8.35,6.05,1,India,India,605,93,0.4905802760792961
7.01,292,86,1,EE,8.73,7.21,0,India,India,593,198,0.0030416185039272
8.08,308,101,0,EE,11.72,5.91,0,India,India,611,484,0.3985266697549087
9.08,300,117,1,ME,6.63,5.11,1,India,Cyprus,18,1962,0.439125598
9.88,295,91,0,CE,3.74,2.31,1,India,Chile,72,1,0.000223815
9.43,336,101,0,CE,33.01,14.03,0,India,Azerbaijan,63,11,0.002461968
7.24,296,97,1,MBA,6.47,5.34,1,India,India,533,58,0.1850567198738377
9.64,295,111,1,EE,5.05,3.39,1,India,Bangladesh,26,1000,0.22381529
6.14,337,109,1,ME,3.95,2.37,1,India,Curacao,44,200,0.044763058
6.99,304,118,0,CS,19.42,15.29,0,India,Mexico,51,100,0.022381529
6.75,315,94,1,CS,3.57,2.36,0,India,Belgium,33,600,0.134289174
6.31,298,100,0,MBA,4.83,1.97,0,India,US(2015-16),0,165918,37.13498524
6.75,291,89,1,ME,4.84,2.84,0,India,India,876,105,0.3086888231115816
7.14,311,100,0,MBA,8.29,6.56,0,India,India,597,280,0.3597742354603556
7.05,312,83,0,CS,10.86,6.86,0,India,India,756,446,0.4629080066552189
6.13,323,96,1,EE,6.28,4.34,1,India,Sri Lanka,62,15,0.003357229
7.77,294,92,0,CS,11.81,8.06,1,India,Australia,1,66886,14.97010947
9.75,306,101,0,ME,15.8,9.62,1,India,Russian Federation,9,6500,1.454799383
9.25,329,119,0,EE,15.38,10.18,0,India,Cuba,67,7,0.001566707
7.17,327,102,0,EE,17.16,10.88,0,India,Sri Lanka,62,15,0.003357229
5.55,292,93,1,MBA,10.6,3.76,0,India,India,870,78,0.2858049156456181
6.4,281,84,0,EE,9.26,4.25,0,India,India,882,330,0.2401252064935125
8.15,312,76,0,ME,9.49,3.34,0,India,India,680,452,0.4411051069194759
7.55,337,111,1,CE,4.24,2.4,0,India,Sudan,55,41,0.009176427
9.72,304,92,1,CS,18.59,9.28,0,India,Iran,22,1200,0.268578348
6.84,309,99,1,CS,8.94,4.33,0,India,India,911,369,0.173147627151796
8.36,307,89,0,ME,4.21,5.08,0,India,India,793,376,0.3074388454696098
6.51,300,92,1,CS,5.56,2.15,0,India,India,960,118,0.1544772211403169
7.24,305,77,0,CE,10.46,7.15,0,India,India,684,24,0.1823865316127004
9.51,336,107,1,MBA,21.88,14.12,1,India,Lithuania,29,900,0.201433761
6.41,311,91,1,CS,10.75,4.52,0,India,India,956,488,0.3284626565473417
7.43,295,89,0,ME,11.11,4.14,1,India,India,751,237,0.1649729099618359
8.78,293,110,1,ME,8.93,6.49,1,India,Azerbaijan,63,11,0.002461968
7.99,301,104,0,CE,14.0,5.43,0,India,India,538,267,0.0542863275028424
6.16,338,104,1,EE,16.19,7.07,1,India,Mexico,51,100,0.022381529
6.73,314,116,1,ME,7.45,3.65,0,India,Curacao,44,200,0.044763058
9.82,326,94,1,CE,11.53,5.56,1,India,UK(2015-16),5,16715,3.741072568
8.21,286,87,0,CS,4.98,4.82,0,India,India,758,190,0.4697107965521845
6.37,302,114,1,ME,3.23,1.77,1,India,Armenia,28,900,0.201433761
6.55,315,113,0,MBA,5.42,2.29,1,India,Brazil,57,24,0.005371567
7.39,290,86,0,MBA,11.84,4.27,0,India,India,983,338,0.0579716820326872
7.17,322,96,1,EE,14.79,10.71,1,India,Georgia,24,1100,0.246196819
6.11,324,115,0,CE,13.54,6.51,0,India,Lebanon,71,2,0.000447631
7.54,285,101,1,ME,12.2,6.16,0,India,India,666,210,0.3669762473986558
5.63,313,76,0,ME,8.3,2.63,0,India,India,861,412,0.3234479888264616
7.97,300,108,1,CS,3.93,1.6,1,India,US(2015-16),0,165918,37.13498524
9.05,334,112,0,EE,6.4,2.72,1,India,Australia,1,66886,14.97010947
7.28,291,84,0,EE,6.69,3.84,0,India,India,551,396,0.1459184750143778
7.01,309,87,0,CS,8.91,2.39,0,India,India,833,274,0.3798240659209581
9.59,332,93,0,EE,6.55,3.65,1,India,Serbia,74,1,0.000223815
6.67,308,88,0,MBA,10.56,4.64,0,India,India,630,168,0.1544481544753704
8.25,291,91,1,ME,4.64,2.52,1,India,Canada,2,50000,11.19076449
7.24,298,80,0,CS,12.39,4.4,1,India,India,558,203,0.4332925071249617
6.3,329,107,0,MBA,3.02,1.74,1,India,Switzerland,36,445,0.099597804
7.26,307,89,1,CS,8.72,4.09,0,India,India,622,370,0.3907021334302326
8.31,300,104,0,CS,3.25,2.01,0,India,Estonia,48,150,0.033572293
6.58,302,92,0,EE,9.38,6.37,0,India,India,844,209,0.0534941353374426
6.34,320,107,0,CS,13.14,7.59,0,India,Austria,41,300,0.067144587
7.96,317,91,1,CS,17.38,8.25,0,India,Estonia,48,150,0.033572293
8.92,315,111,1,CS,14.44,11.02,1,India,Estonia,48,150,0.033572293
6.28,314,93,1,CS,13.11,7.2,0,India,India,730,349,0.2708956064118561
9.94,295,101,0,EE,5.85,2.71,1,India,Italy,23,1163,0.260297182
8.12,303,107,1,CS,13.57,6.65,1,India,Philippines,8,6500,1.454799383
9.24,295,92,1,CS,6.46,3.38,1,India,Sri Lanka,62,15,0.003357229
7.12,336,91,1,MBA,38.7,20.68,0,India,Kazakhstan,15,2400,0.537156695
7.12,315,94,1,MBA,31.15,21.11,0,India,Niger,68,5,0.001119076
6.75,306,108,1,ME,11.61,9.06,0,India,Finland,27,1000,0.22381529
6.82,285,82,0,CE,10.24,3.74,0,India,India,943,40,0.4772517705244062
6.98,298,102,0,CS,11.99,5.66,1,India,India,512,187,0.1868597227255601
7.24,312,87,0,EE,9.3,6.14,1,India,India,825,485,0.1581284311325437
8.01,314,93,0,ME,10.47,6.21,1,India,India,591,122,0.3684294241485651
9.27,302,113,1,CS,38.38,18.29,1,India,Mauritius,35,500,0.111907645
9.21,299,92,0,EE,8.04,6.17,1,India,Bosnia Herzegovina,70,2,0.000447631
9.56,317,105,1,CE,6.09,3.39,0,India,Sri Lanka,62,15,0.003357229
6.88,308,96,0,MBA,8.1,1.76,0,India,India,693,67,0.4657372595410677
6.78,306,108,1,CS,7.59,5.44,1,India,Slovakia,61,18,0.004028675
7.37,307,103,1,MBA,9.28,2.65,0,India,India,863,75,0.2221011113188044
7.88,293,95,0,ME,13.27,5.06,0,India,India,912,232,0.2274256791864468
6.28,329,115,0,ME,17.08,11.43,0,India,Israel,34,550,0.123098409
7.44,325,116,1,ME,13.65,6.18,0,India,Azerbaijan,63,11,0.002461968
7.25,294,118,0,CE,34.63,25.03,1,India,Korea (Republic of),25,1022,0.228739226
8.5,318,97,1,CS,39.21,29.27,1,Abroad,Moldova,47,160,0.035810446
7.4,334,102,0,ME,3.09,2.12,1,India,Belarus,40,343,0.076768644
7.06,288,91,0,EE,11.92,4.04,0,India,India,999,420,0.1168278514694858
6.74,280,81,0,CE,11.27,5.53,0,India,India,834,91,0.2421208047327634
7.97,298,75,0,CE,15.68,6.45,1,India,India,736,362,0.3594481537473855
8.07,298,100,1,CE,11.88,8.85,0,India,Chile,72,1,0.000223815
7.48,299,118,1,EE,4.26,2.4,0,India,Bahrain,4,27000,6.043012822
7.7,285,102,0,EE,13.24,4.5,0,India,India,675,288,0.1848401736455782
8.9,326,90,1,CE,5.71,2.74,0,India,Ukraine,7,7963,1.782241152
7.89,298,97,0,ME,4.12,3.24,1,India,Germany,19,1715,0.383843222
8.32,307,90,1,CE,6.33,6.1,0,India,India,966,213,0.240972933975377
7.11,308,93,1,EE,10.58,6.25,1,India,Poland,14,2500,0.559538224
6.91,295,113,0,EE,5.54,3.67,0,India,Mauritius,35,500,0.111907645
7.62,280,104,0,MBA,4.61,5.66,0,India,India,786,100,0.2403417099851428
9.88,292,90,0,ME,16.67,6.96,1,India,Lithuania,29,900,0.201433761
6.65,326,101,0,CE,15.42,12.0,0,India,Mongolia,73,1,0.000223815
7.01,299,102,0,CE,15.93,6.99,0,India,India,927,162,0.3735799494675377
7.99,292,90,0,CS,4.37,2.24,0,India,United Arab Emirates(Dubai),10,5500,1.230984093
6.05,297,119,0,CE,15.81,12.28,1,India,Niger,68,5,0.001119076
9.02,319,91,0,EE,19.53,12.55,0,India,France,11,5000,1.119076449
5.69,292,77,0,CE,13.16,5.03,0,India,India,625,245,0.2737789918545472
8.2,329,95,1,CS,3.31,1.88,0,India,Norway,43,250,0.055953822
7.16,339,111,1,MBA,13.78,9.82,0,India,Slovakia,61,18,0.004028675
7.06,286,94,0,EE,13.25,4.95,0,India,India,809,491,0.0777234009651991
8.2,300,75,0,CS,12.95,5.04,0,India,India,790,399,0.4730741470614643
7.83,313,93,1,EE,15.33,2.02,0,India,India,808,440,0.1031658942706285
6.04,316,101,1,CE,9.17,5.66,0,India,Austria,41,300,0.067144587
6.19,291,97,1,MBA,10.02,2.08,0,India,India,537,113,0.2355107235567954
7.5,291,92,0,CE,9.09,5.49,0,India,India,620,343,0.0902043063097814
8.74,330,106,0,CE,5.43,2.46,1,India,Iceland,64,10,0.002238153
6.7,319,109,1,ME,3.29,2.32,0,India,Australia,1,66886,14.97010947
9.71,295,115,0,CE,48.92,22.76,1,India,Mauritius,35,500,0.111907645
6.5,303,98,0,CS,7.58,7.37,0,India,India,828,449,0.2842833376218952
6.56,293,98,0,ME,9.48,2.82,1,India,India,667,464,0.3351264818503375
8.2,304,101,1,MBA,8.36,4.64,0,India,India,754,78,0.0716817318151004
6.56,281,79,0,CE,6.63,4.06,0,India,India,858,160,0.4710629497861492
9.94,331,90,0,ME,17.69,9.42,0,India,Bahrain,4,27000,6.043012822
8.17,334,92,1,CS,5.04,2.73,1,India,Romania,45,200,0.044763058
7.64,297,78,0,MBA,14.54,4.95,0,India,India,602,450,0.3970049597009764
6.09,282,89,1,MBA,6.16,4.95,1,India,India,569,0,0.0502482278371644
7.58,283,90,0,EE,8.63,4.77,1,India,India,743,265,0.1597884587478668
8.1,299,116,1,EE,6.98,3.19,1,India,Moldova,47,160,0.035810446
9.44,332,103,0,MBA,46.21,35.46,0,Abroad,Cyprus,18,1962,0.439125598
8.64,309,101,1,EE,12.29,6.87,0,India,Moldova,47,160,0.035810446
8.23,295,90,0,CS,46.31,22.88,0,India,Iran,22,1200,0.268578348
8.85,285,91,0,CS,6.95,7.09,0,India,India,657,334,0.1872766604935157
7.7,310,88,0,CS,9.64,5.96,0,India,India,964,46,0.124250168276386
6.37,317,106,1,CS,31.53,21.97,0,India,Libya,65,9,0.002014338
9.49,293,94,0,ME,7.92,5.56,1,India,Hungary,39,350,0.078335351
7.31,281,102,0,CE,10.53,4.43,0,India,India,616,426,0.4059620572409952
7.22,288,78,0,EE,9.44,5.97,0,India,India,606,12,0.3813770667580511
7.36,325,106,1,EE,30.94,24.42,1,India,Sri Lanka,62,15,0.003357229
8.13,315,98,1,EE,48.72,31.99,1,Abroad,Belgium,33,600,0.134289174
7.72,313,86,0,ME,8.78,4.87,0,India,India,759,449,0.4762117212468143
7.61,307,75,0,MBA,8.99,5.31,0,India,India,712,52,0.120847673418775
7.24,301,87,0,EE,9.6,4.97,0,India,India,723,143,0.4170310168873941
6.82,295,87,0,CS,6.37,9.74,0,India,India,685,412,0.4715469513615266
8.1,308,96,0,MBA,14.73,8.59,0,India,India,979,51,0.1823771157310752
8.08,297,88,1,EE,9.62,4.22,0,India,India,517,344,0.2997348303070205
7.04,303,88,1,ME,9.57,4.56,0,India,India,984,120,0.4369418930701423
8.65,306,117,1,EE,12.0,6.12,0,India,Niger,68,5,0.001119076
7.99,291,82,1,ME,9.88,5.3,0,India,India,909,122,0.2566387355762514
9.05,295,109,1,MBA,12.6,5.4,0,India,Lebanon,71,2,0.000447631
9.0,299,93,0,MBA,6.16,5.13,1,India,India,851,441,0.1827092352801476
6.07,315,91,0,CE,3.1,1.59,1,India,Tanzania,21,1220,0.273054653
7.22,291,101,0,ME,14.58,6.97,0,India,Mauritius,35,500,0.111907645
8.0,289,89,0,MBA,16.43,5.14,1,India,India,511,294,0.3487851962625677
8.19,294,106,0,CE,19.36,11.98,1,India,Australia,1,66886,14.97010947
6.9,299,89,0,EE,7.22,3.96,0,India,India,971,324,0.3762089481097591
5.9,309,75,0,CE,8.21,4.99,0,India,India,940,222,0.3847642031318465
7.99,305,79,0,MBA,10.88,3.09,0,India,India,515,82,0.1566110170622517
7.79,296,79,0,EE,11.94,4.87,0,India,India,952,60,0.4582945156931701
8.52,311,106,0,MBA,3.48,2.59,1,India,US(2015-16),0,165918,37.13498524
6.38,304,93,0,EE,18.61,7.83,0,India,Bangladesh,26,1000,0.22381529
7.55,285,84,1,ME,6.69,3.95,1,India,India,718,10,0.3749072793339223
7.07,280,83,0,CE,9.33,3.5,0,India,India,877,428,0.2164142946936607
6.98,293,101,0,EE,6.87,4.66,1,India,Czech Republic,38,350,0.078335351
6.8,336,113,0,EE,5.68,2.86,1,India,Saudi Arabia,31,850,0.190242996
7.56,298,76,0,EE,9.12,7.83,0,India,India,954,353,0.0332825348937937
9.29,315,96,1,EE,40.33,24.24,0,Abroad,Georgia,24,1100,0.246196819
6.71,291,101,0,ME,8.83,4.28,1,India,India,951,13,0.097615625846297
9.77,314,106,1,ME,17.69,10.26,1,India,HongKong,37,365,0.081692581
8.52,334,111,0,CE,24.18,16.39,0,Abroad,Belarus,40,343,0.076768644
6.39,323,96,0,EE,12.76,7.39,0,India,Denmark,42,274,0.061325389
7.02,309,98,1,EE,10.32,5.42,1,India,India,965,425,0.1677187599061356
6.28,321,96,0,CE,38.89,17.0,0,India,Mongolia,73,1,0.000223815
9.85,326,107,0,ME,13.75,8.28,0,India,Saudi Arabia,31,850,0.190242996
6.38,293,77,0,ME,11.17,4.15,0,India,India,967,81,0.495279257335519
7.47,311,104,0,CS,15.77,6.13,0,India,India,850,180,0.479797458790049
7.55,290,102,0,CS,11.56,4.76,0,India,India,704,50,0.4379570902707581
7.8,299,78,0,CS,9.68,7.31,1,India,India,841,424,0.4170605779742055
7.36,291,91,0,MBA,9.08,4.81,1,India,Saudi Arabia,31,850,0.190242996
7.88,284,102,0,ME,6.73,5.01,1,India,India,854,203,0.1794162802885042
7.8,281,80,0,ME,10.27,5.73,0,India,India,864,112,0.4012687972779541
6.33,307,86,0,EE,14.92,4.6,0,India,India,503,208,0.1453604535259129
7.13,298,91,0,EE,13.71,4.17,0,India,India,969,252,0.2387075632561674
7.55,293,80,0,EE,10.56,6.32,0,India,India,830,172,0.0833436462371526
9.01,285,92,0,MBA,6.8,5.41,0,India,India,579,145,0.4748493781672768
8.37,293,103,0,EE,5.93,2.18,0,India,India,968,304,0.1809989601275603
8.53,315,112,1,ME,16.17,11.71,0,India,New Zealand,3,32000,7.162089271
6.37,282,102,0,ME,12.93,3.97,0,India,India,908,325,0.3352229697242935
6.58,307,107,0,MBA,4.79,3.05,0,India,Chile,72,1,0.000223815
7.01,307,103,0,ME,8.92,5.11,0,India,India,801,111,0.4921987552317124
7.32,300,101,0,CE,5.79,7.61,0,India,India,993,376,0.0079819886894296
6.37,300,78,0,CS,8.41,1.99,0,India,India,755,132,0.0398310873906996
6.64,331,97,1,CE,4.48,1.87,1,India,Uzbekistan,54,50,0.011190764
9.89,299,112,1,ME,14.25,9.77,0,India,Italy,23,1163,0.260297182
8.28,314,90,1,ME,11.07,3.38,0,India,India,688,327,0.1272776976747604
8.03,304,90,1,ME,3.2,1.32,1,India,France (Reunion Is.),69,3,0.000671446
9.16,334,99,0,ME,5.0,3.33,0,India,Philippines,8,6500,1.454799383
9.01,336,105,0,MBA,30.8,16.86,0,Abroad,Ukraine,7,7963,1.782241152
8.42,289,87,0,CE,9.4,9.41,1,India,India,750,312,0.4808440521800598
7.54,308,104,1,MBA,12.46,6.91,1,India,India,586,201,0.0843319843249106
7.11,281,95,1,MBA,11.25,1.94,1,India,India,780,284,0.4144402332621346
7.78,310,81,0,CS,7.79,5.09,0,India,India,672,27,0.1596498766269662
8.16,306,117,0,EE,5.67,3.08,1,India,US(2015-16),0,165918,37.13498524
9.58,326,112,0,ME,22.13,10.7,1,India,France (Reunion Is.),69,3,0.000671446
6.96,294,117,0,ME,17.26,8.32,0,India,Mongolia,73,1,0.000223815
9.31,318,97,0,EE,12.04,8.85,0,India,Kazakhstan,15,2400,0.537156695
7.38,290,100,0,MBA,9.5,4.47,0,India,India,945,315,0.4095911312568338
8.65,327,102,1,EE,10.75,6.64,1,India,Libya,65,9,0.002014338
7.05,286,88,1,CS,8.07,6.05,0,India,India,658,332,0.4896974029905533
7.29,287,92,0,EE,4.59,4.27,0,India,India,843,208,0.287761129008689
7.53,290,102,0,CE,8.86,6.78,0,India,India,762,418,0.4668871989344118
8.4,302,96,0,EE,5.67,4.41,0,India,Philippines,8,6500,1.454799383
6.12,285,98,0,CS,6.05,1.0,1,India,India,807,40,0.3206506048381917
7.22,322,106,0,CE,6.57,4.29,0,India,Germany,19,1715,0.383843222
7.7,332,114,1,CE,8.45,6.13,1,India,Egypt,50,110,0.024619682
7.45,313,77,0,MBA,7.35,1.24,0,India,India,651,480,0.1385859114463911
7.27,310,111,0,EE,43.83,34.54,0,India,Israel,34,550,0.123098409
8.55,327,106,1,EE,19.97,13.04,1,India,Moldova,47,160,0.035810446
7.97,306,90,1,MBA,11.3,7.32,0,India,India,746,28,0.2172361275745835
7.41,287,95,1,ME,10.49,5.18,0,India,India,571,36,0.018288929859854
6.97,314,99,0,CE,12.44,8.18,0,India,India,623,342,0.2190156356403745
7.12,298,79,0,EE,11.24,2.94,0,India,India,732,223,0.4860519417512173
6.47,313,76,1,EE,8.82,6.04,0,India,India,891,8,0.3607604712597686
6.56,313,110,1,EE,14.65,10.07,0,India,Romania,45,200,0.044763058
6.93,294,97,1,MBA,11.64,5.95,0,India,India,610,48,0.2776150368555857
6.86,338,115,1,CS,4.43,2.36,0,India,UK(2015-16),5,16715,3.741072568
8.53,299,111,1,MBA,28.94,15.87,0,India,UK(2015-16),5,16715,3.741072568
9.63,310,118,1,CS,10.98,6.58,1,India,Azerbaijan,63,11,0.002461968
6.45,309,97,1,EE,14.09,7.13,0,India,India,788,260,0.101349287638888
7.8,297,88,1,CS,13.48,7.76,1,India,India,640,154,0.2451673333616774
7.67,299,75,0,CE,11.07,5.58,0,India,India,889,482,0.4673255323357652
6.85,280,89,1,CS,7.58,5.49,1,India,India,550,453,0.1580731238395968
7.51,306,94,0,CE,6.5,4.37,1,India,India,886,402,0.0691517702327601
9.8,335,118,1,EE,7.02,3.45,1,India,Germany,19,1715,0.383843222
8.01,321,118,0,EE,32.9,18.68,0,Abroad,Lithuania,29,900,0.201433761
8.44,318,105,0,EE,16.0,12.11,0,India,Hungary,39,350,0.078335351
6.29,294,104,0,CS,6.08,4.56,1,India,India,720,53,0.4364745717376397
7.47,287,87,0,CE,14.12,7.93,0,India,India,931,193,0.2602066535145443
6.53,289,98,0,CE,12.49,6.75,0,India,India,739,251,0.2066952569035361
7.08,285,82,0,ME,8.53,4.65,0,India,India,659,462,0.4723666653294262
7.5,311,95,1,CE,26.78,17.11,1,India,Italy,23,1163,0.260297182
8.33,301,102,0,ME,12.26,8.77,0,India,Mauritius,35,500,0.111907645
8.95,298,101,0,EE,8.44,5.01,0,India,Mexico,51,100,0.022381529
9.27,336,112,0,MBA,34.57,23.91,0,Abroad,Uzbekistan,54,50,0.011190764
6.44,323,92,0,CS,7.13,3.87,0,India,HongKong,37,365,0.081692581
6.65,307,81,0,CE,4.27,5.97,0,India,India,853,257,0.0018798002230679
5.95,313,103,0,EE,13.11,5.35,0,India,India,608,40,0.1613708644790588
7.2,321,112,1,EE,16.48,8.92,0,India,Ukraine,7,7963,1.782241152
6.39,304,85,0,ME,14.06,5.42,1,India,India,958,49,0.167752288185197
9.59,303,96,1,CS,4.83,2.28,0,India,Switzerland,36,445,0.099597804
8.34,296,86,1,CS,11.91,7.14,0,India,India,609,93,0.4377976320247576
9.18,338,94,1,CS,8.42,6.17,1,India,Russian Federation,9,6500,1.454799383
7.44,308,102,1,MBA,16.4,11.7,0,India,Belgium,33,600,0.134289174
6.41,328,92,0,CE,8.16,5.46,0,India,France,11,5000,1.119076449
7.27,294,91,1,EE,37.81,23.66,0,India,Saudi Arabia,31,850,0.190242996
9.51,338,113,1,CS,4.82,2.51,0,India,Japan,30,879,0.19673364
6.65,335,103,1,ME,11.08,7.77,1,India,Poland,14,2500,0.559538224
8.82,332,103,1,MBA,14.9,6.29,1,India,France,11,5000,1.119076449
7.71,315,110,1,ME,6.64,4.74,1,India,United Arab Emirates(Dubai),10,5500,1.230984093
7.79,322,114,1,ME,8.37,6.43,1,India,Denmark,42,274,0.061325389
6.8,299,78,1,EE,12.28,6.61,0,India,India,932,134,0.3442822557642772
6.63,312,85,0,ME,8.43,6.05,1,India,India,765,282,0.4089088270434077
6.95,304,80,1,CS,8.39,9.32,0,India,India,906,380,0.1958637426870578
5.69,313,88,0,CS,8.42,4.68,0,India,India,835,200,0.1281943271750164
7.24,303,81,0,MBA,12.13,4.51,0,India,India,887,85,0.4850744620054669
8.04,337,105,0,ME,3.48,2.1,0,India,Australia,1,66886,14.97010947
5.81,305,92,1,CE,13.95,5.13,0,India,India,637,440,0.1127829716010808
8.02,325,100,1,CS,34.81,27.17,1,Abroad,Bangladesh,26,1000,0.22381529
7.77,302,94,0,CS,9.49,7.01,0,India,India,784,391,0.407049209351197
8.14,293,92,0,EE,14.89,1.0,0,India,India,770,3,0.4750414533177499
7.33,285,90,0,CS,10.18,3.55,1,India,India,735,352,0.0051843551348515
8.09,297,99,0,ME,9.66,3.71,0,India,India,913,388,0.4559230422777676
9.4,333,91,1,CE,10.93,4.82,1,India,Belarus,40,343,0.076768644
6.17,304,104,0,CE,10.64,4.68,0,India,India,641,214,0.1340754980829326
7.28,291,92,0,EE,7.24,4.62,0,India,India,915,374,0.0857202714692484
6.82,285,96,0,CE,11.2,7.18,1,India,India,752,110,0.1277360304240573
7.84,286,101,0,CE,8.93,6.36,1,India,India,806,143,0.0044929310126913
7.04,290,88,0,CE,8.63,2.37,0,India,India,919,416,0.1548606975740067
8.45,305,96,0,ME,9.79,5.53,0,India,India,624,325,0.4449887999390333
8.62,295,89,1,MBA,13.23,2.81,0,India,India,874,120,0.3165153495421887
7.14,290,94,0,EE,13.62,3.66,1,India,India,760,405,0.4800777085457588
7.13,329,96,1,MBA,3.99,2.74,0,India,Switzerland,36,445,0.099597804
7.01,282,84,0,ME,10.65,7.01,1,India,India,972,485,0.1396977797646485
7.9,283,93,0,CE,13.37,2.24,0,India,India,509,375,0.2305487383913088
8.81,326,106,0,EE,4.55,2.54,1,India,Indonesia,60,18,0.004028675
8.2,308,94,0,CS,14.72,1.44,0,India,India,819,140,0.0504494866009607
9.95,309,119,1,EE,5.61,2.48,0,India,Cuba,67,7,0.001566707
8.33,298,113,0,ME,6.12,2.65,1,India,Greece,66,8,0.001790522
9.72,306,111,1,CS,23.63,16.65,0,India,Lithuania,29,900,0.201433761
8.26,295,102,0,CE,13.45,3.65,1,India,India,691,360,0.2885469943596922
8.31,325,114,0,CE,13.36,6.81,0,India,Sweden,16,2340,0.523727778
6.89,291,96,0,MBA,5.8,4.35,0,India,India,869,477,0.3396683328282509
8.13,304,83,1,CS,11.18,2.62,0,India,India,607,372,0.4259549059255291
7.39,311,97,1,CE,10.06,7.3,1,India,India,671,288,0.0252705489951044
8.73,303,110,1,CE,3.54,2.03,1,India,Chile,72,1,0.000223815
7.09,284,83,1,ME,8.56,4.09,0,India,India,981,428,0.2418419124546894
7.65,309,95,0,ME,6.94,2.75,0,India,India,842,383,0.0567956964634928
7.97,336,95,1,ME,12.22,8.83,0,India,Cyprus,18,1962,0.439125598
7.76,290,93,0,ME,6.91,6.43,0,India,India,785,411,0.1316499068805509
7.46,313,84,0,CS,7.65,4.43,0,India,India,676,157,0.324690324148203
6.69,333,101,0,CS,5.45,3.06,0,India,Cuba,67,7,0.001566707
7.05,281,76,0,EE,11.2,10.65,0,India,India,648,267,0.2470742401921128
7.28,311,113,1,CS,6.86,4.78,1,India,Sudan,55,41,0.009176427
6.47,294,104,0,EE,2.85,2.47,0,India,India,898,357,0.1309598307808753
7.65,314,97,0,CE,13.29,7.2,0,India,India,709,472,0.4986186570067552
9.76,326,102,1,MBA,14.62,9.95,1,India,Saudi Arabia,31,850,0.190242996
8.28,319,93,1,EE,4.85,3.0,1,India,France,11,5000,1.119076449
5.98,303,89,0,CS,9.53,8.83,1,India,India,744,491,0.2358501724397554
9.5,309,88,0,CS,8.55,3.8,0,India,India,627,446,0.3328821780911279
7.08,284,88,0,CS,6.62,1.39,0,India,India,632,308,0.4246099424865108
7.5,291,115,0,EE,6.39,4.28,1,India,Niger,68,5,0.001119076
9.38,322,108,0,CS,5.99,4.59,0,India,Ireland,17,2096,0.469116847
8.94,291,119,0,CE,6.36,4.17,1,India,Armenia,28,900,0.201433761
7.06,314,115,0,MBA,4.08,2.98,0,India,Nepal,13,3000,0.671445869
6.87,308,81,0,CE,13.41,3.72,0,India,India,953,178,0.1551953642583133
8.12,290,93,0,CE,8.75,6.83,0,India,India,814,42,0.2499682235975145
6.17,338,114,0,EE,17.06,7.52,1,India,Mexico,51,100,0.022381529
6.18,329,105,0,ME,34.29,17.43,1,India,Kazakhstan,15,2400,0.537156695
6.74,280,98,1,MBA,10.96,4.97,0,India,India,505,313,0.2567210267561118
7.29,301,102,0,CS,7.14,4.17,0,India,India,639,415,0.2368273802800775
7.36,285,94,0,CE,12.08,3.07,0,India,India,987,212,0.0823644737215245
6.82,304,76,0,ME,5.37,5.29,1,India,India,928,213,0.0947319402296262
7.04,298,78,0,ME,9.01,7.32,1,India,India,905,132,0.2612454699707916
6.19,290,102,0,EE,11.64,8.18,0,India,India,619,119,0.2495592683675735
8.37,313,99,1,CE,8.57,3.29,0,India,India,855,235,0.0804238837983629
7.57,295,88,1,CE,12.85,7.86,0,India,India,803,366,0.337765644512869
6.86,291,102,0,CE,13.16,3.81,0,India,India,645,276,0.2268852279343343
8.31,290,78,0,MBA,16.61,4.95,0,India,India,846,10,0.4696004223564139
6.9,313,99,0,ME,9.22,4.71,0,India,India,556,404,0.4005686917382963
8.11,303,104,0,CE,12.91,6.27,0,India,India,957,182,0.2370285283717785
7.72,297,78,0,MBA,11.24,4.9,0,India,India,577,169,0.4541330555936235
7.85,312,83,0,ME,11.34,8.18,0,India,India,795,170,0.1382195118205822
7.3,306,118,1,CS,18.36,12.05,0,India,Iran,22,1200,0.268578348
9.66,331,99,1,EE,4.9,3.82,1,India,HongKong,37,365,0.081692581
7.01,302,92,0,MBA,10.88,8.06,0,India,India,698,178,0.0972553401578386
8.91,294,99,1,CE,14.57,11.31,1,India,Georgia,24,1100,0.246196819
6.46,306,92,0,ME,10.8,1.0,0,India,India,524,113,0.1676539077411372
9.23,302,110,1,MBA,38.06,15.34,0,India,Slovakia,61,18,0.004028675
6.56,302,86,0,EE,6.8,5.38,0,India,India,540,88,0.1722510093641971
8.71,298,98,0,CS,9.01,5.55,1,India,Tanzania,21,1220,0.273054653
7.02,289,104,0,CE,13.87,10.91,0,India,India,654,380,0.0194916397679155
7.18,309,99,0,ME,9.39,2.31,0,India,India,890,376,0.2241508942279925
7.94,299,97,0,EE,10.15,4.99,1,India,India,857,409,0.2869661827699864
7.58,287,104,0,ME,14.58,1.07,0,India,India,847,465,0.4997418185145232
7.56,287,78,1,EE,12.53,3.88,1,India,India,944,451,0.1306970259685704
6.29,304,98,0,MBA,7.5,5.95,1,India,India,733,78,0.419667713244284
7.98,328,90,0,ME,5.86,2.88,0,India,Moldova,47,160,0.035810446
7.96,281,101,0,CS,3.25,9.21,1,India,India,563,50,0.289789902510791
9.76,333,110,0,CE,4.58,3.16,0,India,Denmark,42,274,0.061325389
7.79,304,87,0,MBA,10.39,4.38,0,India,India,742,395,0.437427375134525
6.22,283,76,0,CE,5.69,1.83,0,India,India,574,0,0.3843212489846179
7.23,286,99,1,CS,7.45,3.75,1,India,India,690,232,0.2782564247855761
6.47,336,119,1,EE,23.73,12.88,1,India,Finland,27,1000,0.22381529
6.58,313,95,0,CS,11.83,3.79,0,India,India,553,338,0.1664473970244446
7.21,291,97,0,EE,6.67,3.21,0,India,India,888,298,0.1662941828414137
6.41,307,118,1,EE,19.79,8.54,1,India,Philippines,8,6500,1.454799383
7.49,296,106,1,CE,6.37,3.18,1,India,Rwanda,59,20,0.004476306
6.72,283,94,1,ME,15.65,4.54,0,India,India,794,167,0.2745491918332949
7.72,318,117,1,ME,18.83,10.99,1,India,Latvia,32,700,0.156670703
6.74,306,92,1,MBA,11.37,2.87,0,India,India,766,356,0.2762591487930161
7.92,314,104,1,EE,15.93,4.51,0,India,India,848,471,0.1014779637588357
8.99,311,98,1,CS,17.84,12.23,1,India,Russian Federation,9,6500,1.454799383
6.62,302,115,1,CS,5.97,4.17,1,India,Romania,45,200,0.044763058
7.18,306,75,1,ME,13.21,4.28,0,India,India,768,107,0.254831713487213
7.13,284,97,0,CE,14.66,5.68,0,India,India,642,190,0.4115623961078345
8.08,294,77,0,EE,10.85,8.86,1,India,India,929,417,0.3998036124975011
6.81,306,101,1,ME,11.19,6.01,0,India,India,612,490,0.3464340860758236
6.14,283,88,0,CE,3.8,5.46,1,India,India,738,67,0.489656262262555
7.41,309,86,0,CE,8.22,2.4,1,India,India,546,253,0.0810413397588092
6.84,284,90,0,CS,10.61,9.11,0,India,India,725,251,0.2508215020082613
6.14,309,90,1,CS,15.36,8.01,0,India,India,683,52,0.0389624366950454
6.1,327,117,0,ME,17.71,9.36,1,India,Egypt,50,110,0.024619682
8.4,299,90,0,ME,16.32,8.45,1,India,India,804,109,0.165710078011162
6.02,297,95,1,CE,14.67,5.97,0,India,India,727,176,0.2900782074987312
8.19,310,95,0,CE,9.81,3.71,0,India,India,573,143,0.0423782703240133
7.56,326,112,1,CS,7.06,5.46,0,India,Nepal,13,3000,0.671445869
6.82,291,104,0,CS,10.51,5.06,1,India,India,502,215,0.179427823996793
8.08,320,97,1,CE,39.57,23.1,1,Abroad,Philippines,8,6500,1.454799383
6.26,311,115,0,EE,4.27,2.92,0,India,Mongolia,73,1,0.000223815
5.85,294,102,0,ME,9.06,3.44,0,India,India,779,444,0.1934033875005055
7.26,290,100,0,CE,9.34,6.35,0,India,India,839,291,0.0860077088621132
8.57,336,111,1,CS,8.51,6.15,1,India,Brunei Darussalam,58,20,0.004476306
9.77,320,110,1,EE,7.15,5.34,1,India,Switzerland,36,445,0.099597804
8.06,338,90,0,EE,6.32,3.4,0,India,Sweden,16,2340,0.523727778
8.28,305,82,1,EE,9.16,5.72,0,India,India,880,196,0.115504463653789
9.18,307,110,0,CE,12.77,8.83,0,India,Rwanda,59,20,0.004476306
9.56,325,94,1,CE,4.2,1.88,1,India,Serbia,74,1,0.000223815
5.72,297,87,0,CE,8.15,1.24,0,India,India,772,192,0.4412073637152728
9.26,304,97,0,CS,7.0,3.52,0,India,Switzerland,36,445,0.099597804
7.15,333,109,1,EE,15.15,9.83,1,India,Moldova,47,160,0.035810446
8.69,320,90,1,EE,7.63,3.87,1,India,Korea (Republic of),25,1022,0.228739226
7.65,289,81,0,ME,11.4,4.33,1,India,India,674,228,0.3753066778059183
7.65,292,96,1,CS,10.52,4.27,1,India,Belgium,33,600,0.134289174
8.41,303,90,1,MBA,8.58,5.18,1,India,India,592,184,0.4054413243340652
9.9,299,119,1,ME,4.59,2.14,0,India,Romania,45,200,0.044763058
7.45,293,107,1,CS,37.32,21.45,1,India,Uzbekistan,54,50,0.011190764
9.31,290,102,1,CE,4.93,3.85,1,India,Norway,43,250,0.055953822
9.88,331,94,0,ME,29.36,22.04,0,Abroad,Latvia,32,700,0.156670703
7.13,301,96,1,CS,9.46,3.04,0,India,India,647,136,0.2658464942876509
6.03,332,100,0,EE,41.72,18.39,0,India,Bosnia Herzegovina,70,2,0.000447631
6.84,303,88,0,CS,9.87,7.27,1,India,India,976,351,0.0875209624704076
8.19,309,84,0,EE,11.99,3.52,0,India,India,520,394,0.2753633133958719
7.93,302,98,1,MBA,10.2,4.11,0,India,India,838,57,0.2264861404223169
8.2,295,102,0,ME,6.18,4.36,0,India,India,962,218,0.3545143690119815
7.12,302,119,0,CS,5.44,3.72,0,India,Serbia,74,1,0.000223815
7.66,303,96,1,EE,4.67,3.93,0,India,India,812,74,0.3449517124328154
6.73,336,100,1,ME,43.84,23.95,0,India,Hungary,39,350,0.078335351
8.69,310,94,1,CS,18.92,9.14,0,India,Mauritius,35,500,0.111907645
6.49,290,98,0,MBA,14.69,8.99,0,India,Japan,30,879,0.19673364
7.11,329,95,0,CS,45.41,31.22,0,India,Ireland,17,2096,0.469116847
7.13,322,107,0,ME,5.04,2.89,0,India,Kyrgyzstan,12,4686,1.048798448
8.22,311,106,1,CS,3.11,2.45,1,India,Denmark,42,274,0.061325389
7.08,296,103,0,CE,8.76,8.51,0,India,India,763,359,0.4417064702106861
7.3,328,93,1,EE,16.9,8.76,0,India,Ireland,17,2096,0.469116847
6.52,311,87,0,CS,10.22,5.81,0,India,India,791,250,0.0232954823185801
9.76,326,119,0,CS,5.54,3.2,0,India,Nepal,13,3000,0.671445869
8.66,305,83,0,CE,9.16,3.69,0,India,India,878,3,0.4758805616583937
8.81,333,119,1,CE,7.95,5.16,1,India,China,6,16694,3.736372447
7.59,309,92,0,CS,14.32,3.63,0,India,India,748,129,0.0073652109342736
6.51,287,104,0,MBA,9.83,3.6,1,India,India,719,469,0.3860030907416762
8.73,313,75,0,ME,7.76,1.22,0,India,India,724,8,0.0234195744650935
8.09,322,91,0,ME,8.75,5.01,0,India,Moldova,47,160,0.035810446
7.41,280,75,0,MBA,9.56,7.91,1,India,India,701,165,0.4199720829996131
7.54,322,91,0,EE,17.28,6.99,0,India,Niger,68,5,0.001119076
7.49,308,89,0,CS,11.42,5.73,0,India,India,726,126,0.2162430650377403
8.6,329,106,1,CE,12.38,6.7,1,India,Slovakia,61,18,0.004028675
7.97,302,114,1,MBA,6.34,3.27,0,India,Georgia,24,1100,0.246196819
7.27,307,85,0,CS,14.0,6.21,0,India,India,996,202,0.4426324737630297
7.23,286,100,0,CS,11.18,5.4,0,India,India,815,204,0.2926697356956583
6.65,313,99,1,EE,9.3,5.6,0,India,India,862,23,0.0486653353810691
7.17,313,96,1,ME,13.4,10.0,0,India,Sweden,16,2340,0.523727778
6.34,312,100,1,MBA,19.43,15.43,0,India,Italy,23,1163,0.260297182
8.53,301,92,0,EE,5.4,3.04,1,India,Estonia,48,150,0.033572293
7.55,306,83,0,CS,5.93,3.85,1,India,India,555,42,0.3013356307138444
7.88,290,87,0,CS,11.93,2.48,0,India,India,729,300,0.1879096532699275
9.61,316,94,0,ME,5.75,2.49,1,India,Slovakia,61,18,0.004028675
6.79,313,88,1,ME,9.65,6.05,0,India,India,702,0,0.1531982021968154
6.3,318,103,1,MBA,8.63,4.12,0,India,UK(2015-16),5,16715,3.741072568
7.28,310,86,0,EE,10.98,3.14,0,India,India,821,20,0.4492207318211882
7.48,282,102,0,MBA,10.91,5.0,0,India,India,771,125,0.1872511427109622
7.0,323,112,0,CE,7.77,5.17,1,India,Mauritius,35,500,0.111907645
8.02,304,84,0,MBA,14.44,5.44,0,India,India,565,452,0.377570579008756
9.23,295,116,1,ME,3.41,2.56,0,India,Chile,72,1,0.000223815
9.8,298,92,0,MBA,37.95,18.64,0,India,Czech Republic,38,350,0.078335351
7.8,297,103,0,CE,10.29,6.44,1,India,India,937,482,0.3183379127499839
6.15,293,98,0,EE,8.34,3.56,0,India,India,982,80,0.3683470103162353
7.1,288,77,0,ME,8.31,8.16,0,India,India,561,316,0.4615287172099063
9.45,290,95,1,ME,8.13,5.71,0,India,Ireland,17,2096,0.469116847
6.04,334,115,0,MBA,17.75,11.79,1,India,Austria,41,300,0.067144587
9.86,338,107,1,ME,17.06,7.83,0,India,Kuwait,52,79,0.017681408
6.99,285,90,0,EE,14.85,6.69,0,India,India,775,289,0.078486252645538
6.66,291,90,0,ME,8.44,6.14,0,India,India,508,60,0.4837511376165038
9.55,318,99,1,EE,21.57,12.32,0,India,Brazil,57,24,0.005371567
6.44,315,119,1,MBA,4.07,1.81,1,India,Egypt,50,110,0.024619682
9.84,331,115,0,CS,5.21,2.92,1,India,France (Reunion Is.),69,3,0.000671446
8.85,310,108,1,CS,12.13,4.91,0,India,Moldova,47,160,0.035810446
6.39,303,113,1,CE,10.84,5.5,1,India,Italy,23,1163,0.260297182
8.4,292,87,1,EE,9.0,6.75,0,India,India,897,170,0.1503074815278511
7.76,289,101,0,MBA,14.8,4.85,1,India,India,564,174,0.4260164052402501
8.46,324,94,1,MBA,18.78,12.09,1,India,Saudi Arabia,31,850,0.190242996
5.42,306,79,0,MBA,8.04,8.49,1,India,India,776,488,0.0654200354032319
9.82,308,96,1,MBA,3.16,1.97,1,India,Malaysia,20,1493,0.334156228
6.85,294,106,0,ME,10.11,4.35,0,India,Czech Republic,38,350,0.078335351
8.78,312,94,1,MBA,16.96,13.37,1,India,Curacao,44,200,0.044763058
8.73,285,95,0,MBA,12.52,2.39,0,India,India,600,419,0.3281470375527651
6.71,329,92,1,CE,42.23,18.44,1,India,Bosnia Herzegovina,70,2,0.000447631
9.65,309,91,0,CE,4.63,3.47,1,India,Finland,27,1000,0.22381529
7.28,303,94,0,CS,32.92,23.32,1,India,United Arab Emirates(Dubai),10,5500,1.230984093
6.62,280,103,0,CE,12.88,4.3,0,India,India,840,47,0.1027544287458169
7.99,309,76,1,CS,8.16,5.19,0,India,India,992,137,0.1398140942756772
6.48,295,99,0,ME,9.6,3.82,0,India,India,646,219,0.2051657762546
8.48,295,101,1,MBA,7.84,4.19,0,India,India,818,422,0.2280337115709698
8.34,335,101,1,EE,17.05,7.91,0,India,Korea (Republic of),25,1022,0.228739226
6.48,305,94,1,CE,6.81,4.39,0,India,India,980,410,0.481175429424069
7.45,287,100,1,ME,12.61,2.06,0,India,India,504,471,0.1593081859248062
5.16,285,88,0,ME,6.8,6.33,0,India,India,831,179,0.3032856990864668
7.48,330,102,1,CE,5.17,3.09,0,India,Russian Federation,9,6500,1.454799383
7.23,305,94,0,EE,11.81,2.4,0,India,India,566,198,0.068997600028933
6.22,297,76,0,ME,13.7,6.15,0,India,India,875,427,0.0324578048818729
7.76,297,76,0,CE,7.93,4.36,0,India,India,562,15,0.0583487788925334
8.44,300,75,0,EE,12.62,6.22,0,India,India,686,50,0.4155596120140074
6.97,315,108,0,CE,19.53,12.99,0,India,Ukraine,7,7963,1.782241152
7.49,305,80,0,CS,10.58,4.34,0,India,India,782,258,0.2513243393492621
6.49,286,78,0,EE,10.25,7.9,0,India,India,699,471,0.1193091071986937
9.97,298,110,0,CE,6.9,4.15,1,India,Turkey,56,36,0.00805735
7.84,298,79,0,CS,12.25,4.45,0,India,India,681,346,0.4953569318734626
7.37,313,104,0,MBA,14.64,6.89,0,India,India,510,102,0.3738466109166553
6.18,310,119,0,CS,8.82,6.54,0,India,Kazakhstan,15,2400,0.537156695
8.11,320,90,0,ME,35.64,22.14,0,Abroad,Uzbekistan,54,50,0.011190764
6.54,305,79,1,CE,2.74,9.16,0,India,India,560,431,0.1156868849096257
7.29,307,96,0,CE,12.77,7.99,1,India,India,856,2,0.1049750527172733
7.57,302,79,0,ME,12.76,6.15,0,India,India,747,355,0.2083575848128978
9.4,311,117,0,ME,23.74,16.18,0,Abroad,Soth Africa,49,150,0.033572293
6.56,294,114,0,ME,6.33,2.9,0,India,Austria,41,300,0.067144587
9.85,299,92,1,MBA,6.08,3.69,0,India,Brazil,57,24,0.005371567
6.48,322,90,0,CE,20.58,12.64,0,India,Belgium,33,600,0.134289174
7.47,330,91,0,CS,4.48,2.7,0,India,Sri Lanka,62,15,0.003357229
9.19,293,113,0,CE,37.21,18.61,1,India,Italy,23,1163,0.260297182
6.25,295,89,1,CE,12.95,4.75,0,India,India,955,71,0.0284976562766653
9.59,312,103,1,ME,7.51,5.55,1,India,Kuwait,52,79,0.017681408
9.21,303,109,1,ME,3.02,1.5,0,India,Brazil,57,24,0.005371567
6.26,286,75,0,EE,12.46,4.58,0,India,India,805,381,0.0872867836660267
8.29,294,118,1,MBA,41.08,17.56,0,India,New Zealand,3,32000,7.162089271
8.48,290,117,1,MBA,6.9,2.77,0,India,Finland,27,1000,0.22381529
7.74,301,106,0,CS,6.72,4.51,1,India,Czech Republic,38,350,0.078335351
6.73,291,104,1,MBA,10.77,6.14,0,India,India,769,76,0.2272175563391998
9.18,332,97,0,EE,16.59,8.48,0,India,Sudan,55,41,0.009176427
8.02,283,84,0,CS,7.32,4.46,0,India,India,661,0,0.1953404147374303
7.67,300,93,0,ME,18.73,9.15,0,India,France,11,5000,1.119076449
7.08,286,94,0,CE,9.51,7.44,0,India,India,663,1,0.4591058951639135
7.09,286,82,0,EE,8.52,3.85,0,India,India,871,173,0.4590573633722075
6.43,339,107,0,EE,19.42,14.36,1,India,Germany,19,1715,0.383843222
6.38,329,104,0,ME,10.7,4.32,0,India,Bulgaria,53,50,0.011190764
8.55,336,96,0,CE,5.81,2.7,0,India,Belgium,33,600,0.134289174
6.23,314,94,0,CE,11.39,6.9,0,India,Russian Federation,9,6500,1.454799383
7.42,313,106,1,CS,13.79,8.85,0,India,Slovakia,61,18,0.004028675
8.85,328,110,1,CE,5.21,2.64,1,India,Hungary,39,350,0.078335351
7.14,337,119,1,CE,7.13,5.57,1,India,Bosnia Herzegovina,70,2,0.000447631
9.58,313,97,1,MBA,4.45,2.23,0,India,Romania,45,200,0.044763058
7.15,299,77,0,EE,3.81,2.62,0,India,India,614,300,0.2412830017483197
8.45,334,113,0,CS,3.25,2.05,1,India,Belgium,33,600,0.134289174
6.62,284,97,0,CS,6.47,3.55,0,India,India,700,349,0.3260259231142164
6.79,317,108,1,EE,3.15,2.04,0,India,Armenia,28,900,0.201433761
7.64,327,92,0,CS,14.85,6.64,0,India,Sweden,16,2340,0.523727778
9.24,320,97,1,ME,37.32,17.28,1,Abroad,Mexico,51,100,0.022381529
6.41,299,102,0,ME,14.02,6.23,0,India,India,860,210,0.1301469479824415
8.8,325,92,1,CE,18.44,7.54,1,India,Cyprus,18,1962,0.439125598
7.26,319,97,0,CE,15.27,8.73,0,India,Cyprus,18,1962,0.439125598
